feature,coefficient
cycle_time_loss_rate,-0.05187821509400376
scrap_rate,-0.022333836289738708
downtime_rate,-0.018117945648656736
setup_rate,-9.720013392472806e-05
