rows_used,test_rows,mae,r2
19710,4928,0.008173500284954354,0.9815814295883305
